early,case,aid,young,related,amazon,app,secretary,biden,private,news
0,4,0,0,0,0,0,0,1,0,0
0,0,0,0,0,0,0,0,0,0,0
0,0,0,1,0,0,0,0,0,0,0
0,0,0,0,0,0,0,0,4,2,0
0,0,1,0,0,0,0,0,0,1,0
0,2,0,0,0,0,0,0,0,1,0
0,1,0,0,0,0,0,0,1,1,0
0,1,0,0,0,0,0,0,3,0,0
0,0,0,0,0,0,0,0,0,1,0
0,1,0,0,0,0,0,0,6,0,0
0,0,1,0,0,0,0,0,0,0,1
0,0,0,0,0,0,0,0,0,4,0
2,3,4,0,0,0,0,0,1,0,2
0,1,3,3,0,0,0,0,0,1,0
0,2,0,0,0,0,0,0,0,0,0
0,0,0,0,1,0,0,0,0,0,0
0,1,0,0,0,0,0,0,0,0,0
0,0,0,0,0,0,0,0,0,0,0
0,0,1,0,0,0,0,0,0,0,0
0,1,0,0,0,0,0,0,11,2,0
0,0,0,0,0,4,0,0,0,0,0
0,1,0,0,0,0,0,0,1,1,0
1,0,0,3,0,0,0,0,1,0,0
0,5,5,0,0,0,0,0,0,0,0
0,1,1,0,0,0,0,0,0,1,0
0,0,2,1,0,0,0,0,1,0,0
0,0,0,0,0,0,0,0,0,0,0
0,0,0,0,0,0,0,0,0,0,6
2,1,0,0,0,0,0,0,0,2,0
0,0,5,0,0,0,0,0,3,5,1
0,0,0,0,0,0,0,0,5,1,0
0,0,0,0,0,0,0,0,0,0,0
0,1,0,0,0,0,0,0,0,0,0
0,0,0,1,0,0,0,0,0,0,0
0,0,0,1,0,0,0,0,0,3,0
0,0,0,0,0,0,0,0,0,0,0
0,0,0,1,0,1,0,0,0,0,0
0,0,0,0,0,0,0,0,0,0,0
0,0,2,0,0,0,0,0,0,0,0
0,0,0,0,0,0,0,0,0,0,0
1,0,0,0,0,0,0,0,0,0,0
0,0,1,0,1,0,0,1,7,0,0
0,1,0,0,0,0,0,0,2,1,0
0,1,0,0,0,0,0,0,0,0,0
0,1,0,0,0,0,0,0,0,0,1
0,0,0,0,1,0,0,0,0,0,0
0,2,1,0,0,0,2,0,2,28,0
