cfpb,consumer,acting,control,vought,court,congress,digital,black,agency,election,performance,daily,host,article,reporter,treasury,sign,going,democrat,supreme,wing,york,financial,tax,people,account,work,super,bowl,market,great,budget,united,justice,major,answer,amazon,user,mean,area,light,vance,later,including,income,total,today,make,living,local,higher,based,looking,term,white,health,technology,big,lot,joe,tariff,avoid,model,defense,right,sent,real,expense,past,reduce,sen,expert,cut,collection,college,second,related,crisis,feel,cost,retirement,review,official,foreign,forbearance,constitutional,company,saving,constitution,default,service,period,business,star,buyback,gop,good,goal,price,campaign,gift,mexico,eagle,ensure,percent,connection,essential,philadelphia,public,purchase,egg,did,month,challenge,change,future,funding,doe,pay,office,regulatory,government,president,military,prevent,season,need,act,deal,free,decision,lamar,fund,executive,chief,getty,card,word,help,image,day,power,life,house,family,federal,issue,american,school,credit,program,payment,state,city,spending,relief,department,rate,billion,debt,donald,save,ai,according,told,sunday,republican,home,activity,climate,available,february,option,wrote,administration,million,experience,new,best,time,game,forgiveness,fox,use,way,borrower,just,education,said,feature,year,plan,biden,student,trump,loan,news
0,0,0,1,0,0,2,0,0,0,0,0,0,0,1,0,0,0,1,2,0,0,0,0,0,4,1,0,0,0,0,0,0,0,1,1,0,0,0,0,0,0,0,0,0,4,0,0,1,0,0,0,2,0,0,0,0,0,0,2,0,0,0,0,0,2,0,0,0,0,0,0,0,0,0,0,0,0,0,1,1,0,0,0,0,0,0,0,0,0,0,0,0,1,0,0,0,0,0,0,0,0,0,0,0,0,0,0,0,0,0,0,1,1,0,1,0,0,1,0,0,0,1,0,0,0,0,1,2,0,0,1,0,0,1,0,0,0,0,4,0,0,0,1,0,0,0,0,0,0,0,1,3,0,0,0,0,1,2,0,0,0,4,0,0,0,0,7,0,0,0,0,0,0,0,2,1,0,1,1,1,0,7,0,0,1,0,7,1,0,0,2,7,1,4,7,5,0
0,0,0,0,0,0,0,0,0,0,0,0,0,0,0,0,0,0,3,0,0,0,0,0,0,15,0,2,0,0,0,0,0,4,1,1,0,0,0,0,0,0,0,0,0,0,0,0,4,0,1,0,0,0,0,0,0,0,0,0,0,0,0,0,1,1,0,0,3,0,0,0,1,1,0,1,0,0,0,0,0,0,0,0,0,0,0,0,0,2,0,0,0,0,0,0,0,3,0,0,0,0,0,0,0,0,0,0,0,2,0,0,0,0,0,3,2,0,1,1,0,0,3,0,0,0,0,4,0,0,1,0,0,0,0,0,0,0,0,0,0,0,1,0,0,0,0,0,3,8,0,1,0,5,0,0,0,0,0,0,0,0,0,0,0,0,0,0,0,0,0,0,0,0,4,0,0,0,0,0,2,0,0,0,0,0,0,2,14,0,0,4,0,0,0,0,0,0
0,0,0,0,0,0,0,0,0,0,0,0,0,0,0,0,0,0,1,0,0,0,0,0,4,2,0,0,0,0,0,0,0,0,0,1,1,0,0,1,0,0,0,0,0,0,0,0,5,2,0,0,0,0,1,0,0,0,1,3,0,0,0,0,0,0,0,0,0,0,0,0,0,0,0,1,0,0,0,0,7,0,0,0,0,0,0,0,0,0,0,0,0,0,0,0,0,0,0,0,0,0,0,0,0,0,0,0,0,0,0,0,0,0,0,1,0,0,1,2,1,0,0,0,2,0,0,5,0,0,1,0,0,1,0,0,0,0,0,0,0,2,0,0,0,0,0,1,0,1,0,0,2,2,0,0,0,0,0,0,0,0,0,0,0,1,0,2,0,0,0,0,0,1,0,0,0,0,0,0,0,0,0,0,0,3,0,2,2,0,0,3,0,0,6,0,7,0
0,0,0,1,0,0,0,0,0,0,0,0,1,0,0,0,0,0,2,0,0,0,0,1,3,3,0,12,0,0,0,3,0,0,0,0,0,0,0,0,0,0,0,0,1,2,0,0,3,1,1,0,2,0,2,0,5,0,0,0,0,0,0,0,0,0,0,0,1,0,0,0,0,0,0,2,0,0,0,2,0,0,0,1,0,2,0,0,0,0,0,7,0,0,0,0,0,1,0,0,0,0,0,0,0,0,0,0,0,10,0,0,16,2,0,0,0,0,1,10,0,0,7,1,0,0,0,2,0,0,0,2,0,0,0,0,0,0,1,3,0,0,0,1,0,0,4,0,0,4,0,13,6,0,1,0,0,0,0,0,2,0,0,0,0,3,0,0,0,0,0,0,0,0,1,0,0,1,0,1,4,0,6,0,1,1,1,7,0,4,0,10,2,4,5,0,14,0
0,0,0,1,0,0,0,0,0,0,0,0,0,0,0,0,1,0,2,0,0,0,0,1,0,6,0,2,0,0,1,0,0,0,0,0,0,0,0,0,1,0,0,0,0,1,0,0,4,0,0,0,1,0,0,0,0,0,1,4,0,0,0,0,0,0,0,0,0,0,0,0,0,0,0,2,1,0,0,1,3,0,0,0,0,0,0,1,0,0,3,0,0,0,0,0,0,4,0,3,0,0,0,0,0,0,1,0,0,0,0,0,0,0,3,0,1,0,0,0,0,0,6,0,0,0,0,3,0,0,2,0,0,1,0,0,0,0,0,2,0,0,0,0,1,1,3,1,1,10,0,4,0,1,0,0,0,0,4,0,0,0,0,0,0,0,0,0,0,0,0,0,0,0,0,0,0,0,0,0,1,0,0,0,3,1,0,3,4,0,0,3,0,0,10,0,13,0
0,0,0,0,0,0,0,0,0,0,0,0,0,0,0,0,0,0,0,0,0,0,0,2,1,3,4,1,0,0,3,1,0,0,0,0,0,0,0,1,0,0,0,0,0,0,5,0,5,0,0,0,0,0,0,0,0,0,0,1,0,0,1,0,0,2,0,0,0,0,0,0,0,0,0,0,0,0,0,0,1,0,0,0,0,0,0,0,1,0,0,0,2,0,0,0,0,0,0,0,0,0,0,0,0,0,0,0,0,0,0,0,1,0,0,0,0,0,1,4,0,0,0,0,0,0,0,0,0,0,1,1,0,2,0,0,0,0,0,0,0,0,0,0,0,0,4,0,0,1,0,0,4,0,0,0,0,0,3,0,4,0,0,0,0,0,0,0,0,0,0,0,0,0,0,0,0,0,1,1,1,0,0,0,1,1,0,9,0,1,1,12,1,0,10,0,21,0
0,0,0,0,0,0,1,0,0,0,0,0,0,0,0,0,0,0,2,0,0,0,0,1,0,0,0,0,0,0,0,0,0,0,0,0,0,0,0,0,0,0,0,0,0,0,1,0,1,0,0,0,0,0,0,0,0,0,0,0,0,0,0,0,0,0,0,2,0,0,0,0,0,0,0,0,0,0,1,0,3,0,0,0,0,0,0,0,0,0,0,0,0,0,0,0,0,0,0,0,0,0,0,0,0,0,0,0,0,0,0,0,0,0,0,0,0,0,2,0,0,0,2,1,0,0,0,2,4,0,0,0,0,0,0,0,0,0,0,0,0,0,0,0,0,0,4,2,0,0,0,1,0,1,0,0,1,0,0,2,7,0,0,0,0,0,0,2,0,0,0,0,0,0,0,0,0,0,0,0,4,0,2,0,1,2,2,5,0,0,0,4,0,1,4,0,9,0
0,0,0,0,0,0,2,0,0,0,1,0,0,0,1,0,0,1,3,1,0,0,0,0,0,8,1,0,0,0,0,0,0,0,0,0,0,0,0,1,0,0,0,0,0,3,0,0,2,0,0,2,0,0,1,0,0,0,0,2,0,0,0,0,0,2,1,0,0,0,0,0,0,0,0,0,0,0,0,0,0,0,0,1,0,1,0,0,0,0,0,0,0,0,0,0,0,0,0,0,0,0,0,0,0,1,0,0,0,0,0,0,4,0,0,0,0,0,0,0,0,0,2,0,0,0,0,2,0,0,0,0,0,0,3,0,0,0,0,1,0,0,0,0,0,0,0,5,1,3,0,1,3,2,0,0,2,1,0,0,4,0,5,0,0,0,0,2,0,0,0,0,0,0,0,3,0,0,3,0,2,0,0,0,0,1,3,1,2,4,0,6,2,3,9,5,11,0
0,0,0,0,0,0,0,0,0,0,0,0,0,0,0,0,0,0,1,0,0,0,0,0,6,5,0,2,0,0,0,1,0,0,0,0,0,0,0,0,0,0,0,1,0,5,0,0,2,0,0,1,5,0,0,0,0,0,0,4,0,0,0,0,0,0,0,0,0,0,1,0,0,0,0,2,0,0,0,0,1,0,0,0,0,0,0,0,0,0,0,0,1,0,0,0,0,0,1,0,0,0,0,0,0,0,0,0,0,2,0,0,0,0,0,1,1,3,0,8,0,0,2,1,0,0,0,1,0,0,1,0,0,0,0,0,0,0,0,0,0,0,0,1,1,0,0,0,0,4,0,2,3,0,0,0,0,0,1,1,5,0,0,0,0,0,0,0,0,0,0,0,0,0,0,0,1,0,3,0,5,0,4,0,1,1,0,0,6,0,0,5,3,0,4,0,7,0
0,0,0,1,0,0,3,0,0,0,0,0,0,0,0,0,0,0,0,0,0,0,0,0,0,6,0,0,0,0,0,0,1,0,0,0,0,0,0,0,0,0,0,0,0,0,0,0,0,0,0,0,0,0,0,2,0,0,0,0,0,0,0,0,0,0,0,0,0,0,0,0,0,0,0,0,0,0,0,0,0,0,0,0,0,0,0,0,0,0,0,5,0,0,0,0,0,0,0,0,0,0,0,0,0,0,0,0,0,7,0,0,2,1,0,0,0,0,0,1,2,0,5,4,0,0,0,1,0,0,0,0,0,0,0,0,0,0,0,0,0,0,0,0,3,0,0,0,0,0,0,6,2,0,0,0,4,2,1,2,6,2,0,0,0,0,0,1,0,0,0,0,0,0,0,0,2,0,0,0,0,0,9,0,0,0,6,1,2,2,0,5,1,6,6,2,11,0
0,0,0,0,0,0,0,0,0,0,0,0,0,0,0,0,0,0,0,0,0,0,0,0,0,5,0,3,0,0,0,0,0,0,0,0,0,0,0,0,0,0,0,0,0,1,1,0,3,0,0,0,1,1,0,0,0,0,0,0,0,0,0,0,0,1,0,0,0,0,0,0,0,0,0,1,0,0,0,0,0,0,0,0,0,0,0,0,0,0,0,0,0,0,0,0,0,2,0,0,0,0,0,0,0,0,0,0,0,0,0,0,1,1,1,0,0,0,1,0,0,0,0,0,0,0,0,0,0,0,0,0,0,0,0,0,0,0,0,1,0,3,0,1,0,0,0,0,0,1,0,1,4,1,0,0,0,0,0,0,0,0,1,0,0,0,0,0,1,0,0,0,0,0,0,0,0,0,0,0,2,0,0,0,0,1,0,5,0,1,0,6,0,0,2,0,7,1
0,0,0,0,0,0,0,0,0,0,0,0,0,0,0,0,0,0,0,0,0,0,0,0,0,1,0,3,0,0,0,1,0,0,0,0,0,0,0,1,0,0,0,0,0,0,1,0,3,0,0,2,0,1,2,0,0,0,1,2,0,0,0,0,0,0,0,1,0,0,0,0,0,1,0,0,0,0,0,2,0,0,0,0,0,0,0,0,0,0,0,0,1,0,0,0,0,0,0,0,0,0,0,0,0,0,0,0,0,0,0,0,2,0,1,0,1,0,2,1,0,0,2,0,0,0,0,2,0,0,0,2,0,0,0,0,0,0,0,0,0,1,0,0,0,0,4,0,0,5,0,8,0,1,0,0,1,0,1,0,0,0,0,0,0,1,0,0,0,0,0,0,0,0,0,0,0,5,0,1,1,0,5,0,1,1,0,3,0,1,0,3,1,0,6,0,10,0
0,2,0,0,0,0,0,1,0,4,0,0,0,0,0,0,0,0,5,0,0,0,0,0,8,4,4,7,0,0,0,1,0,0,0,0,0,0,0,0,0,0,0,1,1,2,1,0,4,2,0,0,2,0,1,0,0,0,1,2,1,0,1,0,0,2,2,3,0,0,0,0,0,2,0,3,2,0,0,2,0,1,0,0,0,0,0,0,0,0,0,0,1,1,0,0,0,5,1,0,0,0,0,0,0,0,0,0,0,0,0,0,19,9,0,5,1,0,1,16,0,0,1,2,0,0,0,4,0,0,1,0,0,0,0,0,0,0,2,1,0,6,0,6,0,0,4,2,0,2,17,3,12,9,0,0,0,0,0,0,3,0,1,0,0,2,0,1,0,0,0,0,0,0,1,0,0,2,3,1,9,0,4,0,2,3,1,5,1,2,0,17,2,1,17,0,33,2
0,0,0,0,0,0,0,0,0,0,0,0,0,0,0,0,0,0,2,0,0,0,0,1,0,13,0,4,0,0,0,2,0,0,0,0,0,0,0,2,0,0,0,1,1,1,0,1,4,6,0,1,0,0,0,0,0,0,0,0,0,0,0,0,0,1,0,0,2,1,0,0,0,0,0,5,0,0,0,0,13,0,0,0,0,0,0,0,0,0,0,0,0,1,0,0,0,1,0,3,0,0,0,0,0,0,0,0,0,10,0,0,1,0,1,0,1,0,4,2,0,0,0,0,0,0,0,5,0,0,0,0,0,0,0,0,0,0,0,1,0,1,0,1,0,1,1,1,0,8,0,4,0,5,0,0,0,0,0,0,1,0,0,0,0,1,0,0,1,0,1,3,0,3,0,0,0,2,0,2,7,0,0,0,0,3,0,6,5,1,0,13,0,0,4,0,0,0
0,0,0,0,0,0,0,0,0,0,0,0,0,0,0,0,0,0,4,0,0,0,0,0,0,1,0,0,0,0,0,0,0,0,0,0,0,0,0,1,0,0,0,1,0,5,0,0,2,3,0,0,0,0,1,0,0,0,0,0,0,0,0,0,5,1,1,0,0,0,0,0,0,0,0,1,0,0,0,1,4,0,0,0,0,2,0,0,0,0,0,0,0,0,0,0,0,0,0,0,0,0,0,0,0,0,0,0,0,0,0,0,7,0,0,0,1,0,0,5,0,0,1,0,0,0,0,3,0,0,1,0,0,1,0,0,0,0,0,0,0,0,0,1,1,0,0,0,0,7,2,4,2,1,0,0,0,0,1,0,0,0,7,0,0,1,0,0,0,0,0,0,0,0,0,0,0,0,0,0,6,0,3,0,0,1,5,3,0,1,0,6,6,0,2,0,11,0
0,0,0,0,0,0,0,0,0,0,0,0,0,0,0,0,0,0,0,0,0,0,0,0,0,4,0,1,0,0,0,0,0,0,0,0,1,0,0,0,0,0,0,0,0,2,9,0,1,0,0,2,3,0,5,0,0,0,0,0,0,0,0,0,0,0,0,0,0,0,0,0,0,0,0,0,2,1,0,0,8,1,0,0,0,0,0,0,1,0,0,0,1,0,0,0,0,0,0,0,0,0,0,0,0,0,0,0,0,0,0,0,1,4,0,0,0,0,0,5,0,0,0,0,0,0,0,0,0,0,0,0,0,0,0,0,0,1,0,0,0,0,0,1,0,0,0,2,0,0,1,0,2,0,0,0,0,0,3,0,0,0,0,0,0,0,0,0,0,0,0,0,0,0,0,0,0,1,1,0,2,0,0,0,0,0,3,0,0,0,0,2,0,0,9,0,22,0
0,1,0,1,0,7,3,0,0,0,0,0,0,0,0,0,0,0,1,0,0,0,0,0,1,1,0,0,0,0,0,1,0,0,1,0,0,0,0,2,0,0,0,1,1,0,0,0,1,0,0,0,2,1,0,1,0,0,0,1,0,0,0,0,0,2,0,0,0,0,0,0,0,0,0,0,0,0,0,0,0,0,1,0,0,1,0,0,0,0,0,0,1,0,0,0,0,1,0,0,0,0,0,0,0,0,0,0,0,0,0,0,0,2,0,4,1,0,4,0,0,0,0,0,0,0,0,0,0,0,0,0,0,0,0,1,0,0,0,1,0,1,0,0,1,0,0,4,0,0,0,0,1,6,0,1,0,8,0,0,0,0,0,0,0,0,0,0,0,0,0,0,0,0,0,2,0,0,4,0,2,1,4,0,0,2,3,7,2,0,0,4,3,0,3,1,5,0
0,0,0,0,0,1,0,0,0,1,0,0,0,0,0,0,1,0,0,0,0,0,0,0,5,7,0,0,0,0,0,0,0,0,0,0,0,0,0,1,0,0,0,0,2,4,1,0,2,0,0,0,0,0,0,0,0,0,1,1,0,0,0,0,0,0,0,0,0,0,0,0,1,0,1,0,0,0,0,0,0,0,0,0,0,0,0,0,0,0,0,1,0,0,0,0,0,0,0,0,0,0,0,0,0,0,0,0,0,1,0,0,1,2,0,0,0,0,0,9,0,0,2,0,0,0,0,1,0,0,0,0,0,0,0,0,0,1,0,0,0,0,0,0,0,0,0,0,0,0,1,2,2,0,0,0,0,4,0,0,8,0,0,0,0,0,0,0,0,0,0,0,0,0,0,0,0,0,2,0,0,0,9,0,0,1,0,5,3,0,0,16,4,0,3,0,7,0
0,0,0,0,0,0,0,0,0,0,0,0,0,0,0,0,0,0,3,0,0,0,0,1,0,2,0,4,0,0,0,0,0,0,0,0,0,0,0,0,0,0,0,0,1,0,0,0,1,0,1,0,0,1,0,0,0,0,0,5,0,0,0,1,0,0,0,0,0,0,0,0,0,0,0,11,0,0,0,0,0,0,0,0,0,0,0,0,0,0,0,0,0,0,0,0,0,1,1,0,0,0,0,0,0,0,0,0,0,0,0,0,6,0,1,0,0,0,1,0,0,0,0,0,0,0,0,0,0,0,0,3,0,0,0,0,0,0,0,0,0,0,0,3,0,2,1,0,0,4,0,0,0,0,0,1,0,1,0,0,0,0,0,0,0,0,0,0,0,0,0,0,0,0,0,0,0,4,0,0,3,0,0,0,1,2,0,1,0,0,0,1,2,0,5,0,4,0
0,1,0,0,0,0,2,0,0,0,0,0,0,0,1,0,0,0,8,0,0,0,0,1,3,0,0,1,1,0,0,2,0,0,0,2,0,0,0,0,0,0,0,0,0,0,0,2,3,0,0,0,0,0,1,0,0,0,0,2,0,0,0,0,0,3,0,2,0,1,0,0,0,0,0,0,0,0,0,0,0,0,0,0,0,8,0,0,0,0,0,0,0,0,0,0,3,1,0,0,1,0,0,0,1,0,0,0,0,0,0,0,2,3,0,1,1,0,7,1,0,0,5,2,0,0,0,3,1,0,0,1,0,0,0,0,0,0,0,2,0,5,0,0,0,0,0,3,0,0,1,2,1,3,0,1,0,0,1,0,2,0,11,1,0,0,0,0,0,0,0,0,0,0,0,1,3,0,3,3,5,0,17,0,0,2,8,13,0,0,0,8,2,11,8,4,5,0
0,0,0,0,0,0,0,0,0,0,0,0,0,0,0,0,0,0,1,0,0,0,0,1,0,1,3,0,0,0,0,0,0,0,0,0,1,4,0,0,0,0,0,0,0,0,0,0,2,0,0,0,0,0,2,0,0,0,0,1,0,0,1,0,0,1,0,0,1,0,0,0,0,0,0,0,0,0,0,0,0,0,0,0,0,0,0,0,0,0,0,0,1,0,0,0,0,6,1,0,0,0,0,0,0,0,0,0,0,0,0,0,3,7,0,0,0,0,3,7,0,0,0,0,0,0,0,5,0,2,0,0,0,0,0,0,0,32,0,0,0,3,0,3,1,0,0,0,0,0,20,0,5,0,0,0,0,0,1,0,0,0,0,0,0,0,0,0,0,0,0,4,0,0,0,0,0,0,2,2,4,1,0,0,5,2,0,3,0,0,0,7,0,0,1,0,6,0
0,0,0,0,0,0,0,0,0,0,0,0,0,0,0,0,0,0,0,0,0,0,0,1,0,5,0,1,0,0,0,0,0,0,0,0,0,0,0,0,1,0,0,0,0,6,0,0,1,0,0,0,2,0,3,0,0,0,1,3,0,0,0,0,0,1,0,0,0,0,0,0,0,1,0,0,0,0,0,0,1,0,0,0,0,0,0,0,0,0,0,3,0,0,0,0,0,1,0,0,0,0,0,0,0,0,0,0,0,3,0,0,3,1,0,0,0,0,2,2,0,0,7,0,0,0,0,1,0,1,0,1,0,0,0,0,0,0,0,0,0,0,0,1,0,1,0,0,0,0,0,5,4,0,0,0,0,0,0,0,0,0,4,0,0,0,0,0,0,0,0,0,0,0,0,0,0,0,1,0,0,0,1,0,0,0,1,2,0,0,0,3,4,1,0,2,4,0
0,0,0,0,0,1,1,0,0,0,0,0,0,0,0,0,0,0,1,2,0,0,0,2,0,5,2,1,0,0,0,0,0,0,0,0,0,0,0,0,0,0,0,0,0,0,0,0,0,0,0,0,0,1,0,0,0,0,0,1,0,0,0,0,0,5,0,0,0,0,0,0,0,0,0,0,1,0,0,2,0,0,0,0,0,0,0,0,1,0,0,0,0,1,0,0,0,1,0,0,0,0,0,0,0,0,0,0,0,0,0,0,6,0,0,2,0,0,0,2,0,0,0,0,0,0,0,0,0,0,2,0,0,2,0,0,0,0,0,0,0,0,0,1,1,4,0,0,1,0,0,0,2,0,0,0,0,0,0,0,5,0,0,0,0,0,0,13,0,0,0,0,0,0,0,0,2,0,0,0,0,0,5,0,0,3,0,1,1,1,0,2,0,1,3,2,8,0
0,0,0,0,0,0,0,0,0,0,0,0,0,0,0,0,0,1,1,0,0,0,0,2,0,4,0,1,0,0,0,0,0,0,0,0,1,0,0,0,0,0,0,0,0,1,0,0,3,0,0,1,12,0,0,0,1,0,0,0,0,0,0,0,0,0,0,0,0,0,0,0,0,0,0,0,0,0,0,3,0,0,2,2,0,0,0,0,2,0,0,0,0,0,0,0,0,1,0,0,0,0,0,0,0,0,0,0,0,0,0,0,3,8,0,1,1,0,0,0,0,0,0,0,0,0,0,0,0,0,0,0,0,1,0,0,0,0,1,1,0,2,0,1,0,0,1,1,0,0,0,0,18,0,0,0,0,0,0,0,1,0,1,0,0,6,0,0,1,0,0,0,0,0,0,0,0,0,0,0,3,0,15,0,0,0,0,2,1,3,0,6,8,0,9,0,11,0
0,0,0,0,0,0,0,0,0,0,0,0,0,0,0,0,0,0,0,0,0,0,0,1,1,3,0,0,0,0,0,0,0,0,0,0,0,0,0,0,0,0,0,0,0,0,0,0,2,0,0,0,0,0,0,0,1,0,0,2,0,0,0,0,0,0,0,0,0,1,0,0,0,2,0,2,0,0,0,1,0,0,0,0,0,0,0,0,0,0,0,0,0,0,0,0,0,0,0,0,0,0,0,0,0,1,0,0,0,0,0,0,0,0,0,0,0,5,0,1,0,0,0,0,0,1,0,2,0,0,0,0,0,0,0,0,0,0,0,2,0,0,0,0,0,0,0,2,2,0,0,1,0,4,0,0,0,0,0,0,0,0,0,0,0,0,0,6,0,0,0,0,0,0,0,0,0,0,1,1,1,1,0,0,1,0,1,4,1,0,0,2,1,0,2,0,4,0
0,0,0,5,0,0,0,0,0,0,0,0,0,0,0,0,0,0,3,0,0,0,0,2,0,14,0,9,0,0,0,1,0,0,0,0,0,0,0,0,2,0,0,1,0,0,0,0,4,9,1,1,0,0,0,0,0,0,0,1,0,0,0,0,0,2,0,0,2,1,1,0,0,2,0,12,0,0,0,0,13,0,0,0,0,0,0,0,0,0,0,0,0,0,0,0,0,4,2,3,0,0,0,0,0,0,0,0,0,2,0,0,3,2,0,0,1,0,2,1,0,0,2,0,0,0,0,5,0,0,3,0,0,0,0,0,0,0,0,0,0,2,0,3,1,1,1,1,0,5,0,1,0,3,1,0,0,0,1,0,2,0,2,0,0,0,0,0,2,0,1,1,0,4,0,0,0,1,0,1,10,0,0,0,2,2,0,9,4,3,0,4,3,1,6,0,7,0
0,0,0,0,0,0,0,0,0,2,0,0,0,0,0,0,0,0,0,0,0,0,0,0,0,1,6,0,0,0,0,1,0,0,0,2,0,0,0,0,0,0,0,0,0,0,0,0,1,0,0,0,1,1,1,0,0,0,0,0,0,0,0,1,0,0,0,1,0,0,0,0,0,0,0,0,0,0,0,0,0,0,0,0,0,0,0,0,0,0,0,0,0,0,0,0,0,3,0,0,0,0,0,0,0,0,0,0,0,0,0,0,1,0,0,2,1,0,3,0,0,0,0,0,0,0,0,0,0,0,1,1,0,0,0,0,0,4,0,0,0,0,0,0,0,0,0,0,0,0,14,0,0,0,0,0,1,0,0,0,1,0,0,0,0,0,0,0,0,0,0,0,0,0,0,0,0,0,2,0,2,0,0,0,1,0,0,3,0,0,0,5,0,0,1,0,3,0
0,0,0,3,0,0,0,0,0,0,1,0,2,1,4,0,0,0,1,0,0,1,0,0,0,2,0,1,0,0,0,0,0,0,0,0,0,0,0,0,0,0,1,0,0,0,0,0,0,0,0,0,0,1,0,0,0,0,0,1,1,0,0,0,0,0,0,0,0,0,0,0,0,0,0,0,1,0,0,0,0,0,0,0,0,0,0,0,0,0,0,0,0,0,0,0,0,1,0,0,0,0,0,0,0,0,0,0,0,0,0,0,1,1,0,0,0,0,1,0,0,0,0,0,0,1,0,4,0,0,3,0,0,0,0,0,0,0,0,1,0,5,0,2,0,0,0,0,0,0,0,0,0,0,0,0,0,0,0,0,2,0,0,0,0,0,0,1,0,0,0,0,0,0,0,0,0,0,0,0,3,0,0,1,0,2,0,2,0,4,0,2,0,0,1,6,1,6
0,0,0,0,0,1,0,0,0,0,0,0,0,0,0,0,0,0,1,0,1,0,0,0,1,2,0,4,0,0,0,0,0,0,0,0,0,0,0,1,0,0,0,0,1,3,1,0,2,0,1,1,1,0,3,0,0,0,2,0,0,0,0,0,4,3,0,0,0,0,1,0,0,0,0,0,0,0,0,0,0,0,0,0,0,0,0,0,0,0,0,3,3,0,0,0,0,0,0,0,0,0,0,0,0,0,0,0,0,3,0,0,3,0,0,0,0,0,1,2,0,0,1,0,1,0,0,0,2,0,0,0,0,0,0,0,0,0,0,0,0,1,0,0,0,0,6,0,0,0,0,13,9,1,0,0,0,0,0,0,0,0,4,1,0,0,0,0,0,0,0,0,0,0,0,0,0,0,0,1,8,0,14,0,1,0,6,0,0,2,0,4,19,0,2,0,28,0
0,0,0,2,0,7,2,0,0,1,0,0,0,0,0,0,0,1,1,0,0,0,0,0,2,0,0,1,0,0,1,0,0,1,1,0,0,0,0,2,0,0,0,0,0,1,0,1,2,0,0,2,0,0,1,1,0,0,1,1,0,0,0,0,0,0,0,0,1,1,0,0,0,0,0,1,0,0,0,0,1,0,0,0,0,0,0,0,0,0,1,1,0,0,0,0,0,0,0,1,0,0,0,0,0,0,0,0,0,0,0,0,2,0,0,6,0,0,1,0,1,0,3,5,0,0,0,5,1,0,1,0,0,0,0,0,0,0,0,1,0,0,0,0,2,2,2,0,1,3,0,0,0,1,0,0,1,3,1,0,1,3,11,0,0,0,0,1,0,0,0,2,0,1,0,8,1,0,10,1,2,1,2,0,0,3,2,3,3,1,0,4,4,3,19,6,14,1
0,0,0,0,0,0,2,0,1,0,0,0,0,0,2,0,0,1,1,0,0,0,0,0,0,2,0,2,0,0,0,0,0,0,0,0,0,0,0,0,0,0,0,0,0,2,2,0,4,0,0,1,2,0,1,1,0,0,0,0,0,0,0,1,1,0,0,0,0,0,0,0,0,0,0,6,1,0,0,0,5,0,0,0,0,0,0,0,0,0,1,0,0,1,0,0,1,2,0,0,0,0,0,0,0,0,0,0,0,0,0,0,1,3,0,1,1,0,2,2,1,0,2,0,0,0,0,0,2,0,2,0,0,0,0,0,0,0,0,0,0,1,0,1,0,0,2,0,0,3,0,4,2,1,0,0,3,0,1,0,5,0,0,0,0,0,0,0,0,0,0,0,0,1,0,2,0,0,5,0,3,0,7,0,1,0,11,2,2,0,0,11,11,5,10,1,18,0
0,0,0,0,0,0,0,0,0,0,0,0,0,0,0,0,0,0,0,0,0,0,0,0,0,11,0,5,0,0,2,0,0,0,0,0,0,0,0,0,0,0,0,0,0,1,1,1,6,3,0,2,1,0,0,0,0,0,1,1,0,0,0,0,0,1,0,1,2,0,0,0,0,0,0,4,0,0,0,0,6,0,0,0,0,0,0,2,0,0,0,0,0,0,0,0,0,6,0,0,0,2,0,0,0,0,0,0,0,3,0,0,4,1,0,0,0,0,1,2,0,0,0,0,0,0,0,1,0,0,0,0,0,0,0,0,0,0,0,0,0,1,0,2,0,3,0,0,0,10,0,0,0,4,0,0,0,0,2,0,2,0,0,0,0,1,0,0,1,0,0,0,0,0,0,0,0,1,1,1,6,0,0,0,1,1,0,2,7,0,0,8,0,0,0,0,6,0
0,0,0,0,0,0,0,0,0,0,0,0,0,0,0,0,0,0,1,0,0,0,0,2,3,11,1,0,0,0,2,0,0,0,0,0,0,0,0,2,0,0,0,0,0,3,0,2,3,0,0,3,0,0,0,0,0,0,1,1,0,0,0,0,0,0,1,0,0,3,1,0,0,0,0,0,0,0,1,1,0,0,0,0,0,0,0,0,5,0,0,0,0,0,0,0,0,2,0,0,0,0,0,0,0,0,0,0,0,0,0,0,0,1,0,0,0,0,2,8,0,0,1,0,0,0,0,1,0,1,0,0,0,0,0,0,0,0,0,0,0,0,1,1,0,4,6,0,0,0,0,0,9,0,0,0,0,0,0,0,11,0,4,0,0,0,0,1,0,0,0,0,1,0,0,1,0,0,0,3,5,1,5,0,0,2,4,5,0,1,0,11,4,0,11,1,22,0
0,0,0,0,0,0,0,0,0,0,0,0,0,0,0,0,0,0,1,1,0,0,0,0,4,13,0,0,0,0,0,0,0,0,0,0,1,0,0,2,0,0,0,0,0,3,0,0,3,17,0,1,3,0,0,0,0,0,0,1,0,0,0,0,0,2,0,1,3,0,0,0,0,0,0,8,0,0,0,0,14,0,0,0,0,0,0,0,0,0,0,0,0,0,0,0,0,0,0,0,0,0,0,0,0,0,0,0,0,0,0,0,0,0,0,1,0,0,5,10,0,0,0,0,0,0,0,2,0,0,11,0,0,0,0,0,0,1,0,0,0,0,0,1,0,0,1,0,1,3,1,0,2,4,0,3,0,0,0,0,0,0,0,0,0,0,0,1,1,0,0,0,0,0,0,0,0,0,0,0,2,0,0,0,0,0,0,3,0,0,0,14,6,0,10,0,13,0
0,0,0,3,0,0,0,0,0,0,0,0,0,0,0,0,0,0,2,1,0,0,0,1,1,7,0,1,0,0,0,0,0,0,0,0,0,0,0,2,0,0,0,0,1,1,2,0,4,0,0,0,1,0,1,0,0,0,1,2,0,0,0,0,0,0,0,1,0,0,0,0,0,0,0,1,0,0,0,0,5,0,0,0,0,0,0,0,0,0,0,0,0,0,0,0,1,1,0,0,0,0,0,0,0,0,0,0,0,1,0,0,1,0,0,0,0,0,1,4,0,0,2,0,0,1,0,2,0,0,1,0,0,0,0,0,0,1,1,0,0,0,0,0,1,0,5,0,1,4,2,0,5,0,0,0,0,0,0,0,1,0,1,0,0,0,0,6,0,0,0,0,0,0,0,0,0,0,0,0,0,0,3,0,0,0,0,7,1,0,0,6,2,0,9,0,16,0
0,0,0,0,0,0,1,0,0,0,0,0,0,0,0,0,1,0,0,0,0,0,0,0,2,5,0,0,0,0,0,0,0,0,0,0,0,0,0,1,0,0,0,1,1,13,2,0,4,0,0,1,2,0,0,0,0,0,0,0,0,0,0,0,0,0,0,2,0,0,0,0,0,0,0,2,0,0,0,1,1,0,0,0,0,0,0,0,0,1,0,0,1,0,0,0,0,1,0,0,0,0,0,0,0,1,0,0,0,0,0,0,2,1,0,1,0,0,4,3,0,0,1,0,0,0,0,1,0,0,1,0,0,0,0,0,0,0,0,0,0,0,0,2,0,0,3,2,0,1,0,0,10,0,0,0,0,0,0,0,9,0,5,0,0,0,0,1,0,0,0,0,0,0,0,0,0,0,1,0,1,0,2,0,3,2,1,5,5,0,0,8,10,0,6,0,11,0
0,0,0,0,0,1,0,0,0,0,0,0,0,0,0,0,0,0,1,0,0,0,0,0,0,1,0,2,0,0,0,0,1,0,0,0,0,1,0,0,0,0,0,0,0,0,0,0,0,2,0,1,0,0,0,0,0,0,0,1,0,0,0,0,0,0,0,0,0,0,0,0,0,0,0,6,0,0,0,0,0,0,0,0,0,0,0,1,0,0,0,0,0,1,0,0,0,2,0,0,0,0,0,0,0,0,0,0,0,0,0,0,3,1,0,0,0,0,0,1,0,0,0,0,1,0,0,0,0,0,5,0,0,3,0,0,0,0,0,1,0,1,0,2,0,3,0,0,0,5,1,1,0,2,0,0,0,0,0,0,8,0,0,0,0,1,0,0,2,0,0,0,0,0,0,0,0,2,0,2,2,1,0,0,0,1,0,3,2,0,0,2,1,0,3,0,2,0
0,0,0,0,0,1,0,0,0,0,0,0,0,0,0,0,0,0,1,0,0,0,0,2,0,4,0,3,1,0,0,1,2,0,0,0,0,0,0,2,0,0,0,0,0,0,1,0,1,0,0,0,0,0,0,0,0,0,0,1,0,0,0,0,0,0,0,0,0,0,1,0,0,0,0,6,0,0,0,0,1,0,0,0,1,0,0,0,0,0,0,0,0,0,0,0,0,0,0,0,0,0,0,0,0,0,0,0,0,0,0,0,2,1,0,1,0,0,0,1,0,0,0,0,0,0,0,1,0,0,0,0,0,0,0,0,0,0,0,0,0,0,0,0,0,0,0,0,0,4,1,1,2,0,0,0,0,3,0,0,2,0,0,0,0,0,0,0,0,0,0,0,0,0,0,0,0,0,1,0,1,0,0,0,1,0,0,6,2,0,0,0,0,0,3,0,3,0
0,0,0,0,0,0,3,0,0,0,1,0,0,0,0,0,0,0,2,0,0,0,0,2,1,3,1,2,0,0,0,2,0,0,0,0,0,0,0,0,0,0,0,0,0,1,0,1,3,0,0,0,0,0,1,0,0,0,0,2,0,0,1,0,0,1,0,0,0,0,0,0,0,1,0,0,0,0,0,0,0,0,0,0,0,0,0,0,0,0,0,0,0,0,0,0,0,0,0,0,0,0,0,0,0,0,0,0,0,2,0,0,1,0,0,8,1,1,1,0,0,0,0,4,0,1,0,2,0,0,1,0,0,0,0,0,0,0,0,0,0,1,0,0,0,0,0,2,0,1,0,5,0,0,0,0,1,3,0,0,0,0,4,0,0,0,0,1,0,0,0,0,0,0,0,0,0,0,1,0,2,0,1,0,0,6,0,5,0,0,0,4,7,0,3,2,7,0
0,0,0,0,0,0,1,0,0,0,0,0,0,0,0,0,0,0,0,0,0,0,0,0,0,2,0,0,0,0,1,0,0,0,0,0,1,0,0,1,0,0,0,0,0,0,0,0,2,0,0,1,0,0,0,0,0,0,0,0,0,0,0,0,0,0,0,0,0,0,0,0,0,0,0,1,0,0,0,0,0,0,0,0,0,0,0,1,0,0,3,1,0,2,0,0,0,1,0,1,0,0,0,0,0,0,0,0,0,0,0,0,3,0,0,0,1,0,1,4,0,0,2,0,0,0,0,0,0,0,0,0,0,0,0,0,0,0,0,0,0,0,0,0,0,0,1,1,0,3,0,7,1,0,0,0,0,0,5,0,5,0,0,0,0,0,0,0,0,0,0,1,0,0,0,1,0,0,0,0,0,1,1,0,1,0,3,0,3,0,0,0,0,0,16,0,18,0
0,0,0,0,0,0,0,0,0,0,0,0,0,0,0,0,0,0,1,0,0,0,0,1,0,1,2,0,0,0,0,0,0,0,0,0,0,0,0,0,0,0,0,0,0,2,0,0,4,0,0,0,1,0,0,0,0,0,0,0,0,0,0,0,0,2,0,0,1,0,0,0,0,1,0,1,1,0,0,2,0,0,0,0,0,0,0,1,5,0,0,0,0,0,0,0,0,1,0,0,0,0,0,0,0,0,0,0,0,0,0,0,0,1,0,0,1,0,0,5,0,0,1,0,0,0,0,0,0,0,0,1,0,2,0,0,0,0,0,1,0,1,0,2,1,1,0,0,0,0,0,0,6,0,0,2,0,0,1,0,3,0,1,0,0,0,0,0,0,0,0,0,0,0,0,0,0,0,0,0,1,0,1,0,0,0,0,1,0,0,0,4,2,0,2,0,12,0
0,0,0,0,0,1,0,0,0,0,0,0,0,0,0,0,0,0,0,0,0,0,0,0,0,4,0,2,0,0,0,0,0,0,0,0,0,0,0,0,0,0,0,0,2,2,3,2,1,0,0,0,0,0,0,0,1,0,0,0,0,0,0,0,0,0,0,0,0,2,0,0,0,0,0,0,0,1,0,0,0,0,0,0,0,1,0,0,1,0,0,6,0,0,0,0,0,0,0,0,0,0,0,0,0,0,0,0,0,9,0,0,0,0,0,0,0,0,0,0,0,1,2,2,0,0,0,0,0,0,0,0,0,0,0,0,0,0,0,1,0,1,0,1,0,1,1,0,3,1,0,9,1,0,0,0,7,2,0,11,8,0,1,0,0,0,0,0,0,0,0,0,0,0,0,13,6,0,1,0,0,0,8,0,0,0,15,0,4,1,0,2,1,7,10,0,12,0
0,0,0,0,0,3,1,0,0,0,0,0,0,0,1,0,0,0,1,0,0,0,0,0,0,1,1,0,0,0,0,0,0,0,0,0,0,0,0,0,0,0,0,0,0,1,0,0,0,0,0,0,0,1,0,0,0,0,0,0,0,0,0,0,0,0,0,0,0,0,0,0,0,0,0,0,0,0,0,0,0,0,2,3,0,0,0,0,0,0,0,1,0,0,0,0,0,0,0,0,0,0,0,0,0,0,1,0,0,0,0,0,5,0,0,0,0,0,2,0,0,0,2,1,0,0,0,0,4,0,0,0,0,0,0,0,0,0,0,0,0,0,0,0,0,0,0,1,0,0,0,1,1,1,0,0,0,3,0,0,5,0,0,0,0,0,0,0,0,0,0,0,0,0,0,0,0,0,0,0,1,0,2,0,0,2,0,1,3,4,0,1,1,2,11,1,16,0
0,0,0,0,0,0,0,0,0,0,0,0,0,0,0,0,0,0,2,0,0,0,0,0,1,5,0,2,0,0,2,0,0,0,0,0,0,0,0,0,0,0,0,0,1,3,0,0,3,1,0,0,4,0,1,0,0,0,0,7,0,0,0,0,0,2,0,0,3,0,0,0,0,0,0,0,0,0,0,0,1,0,0,0,0,0,0,0,0,0,0,0,0,0,0,0,0,2,0,3,0,0,0,0,0,0,0,0,0,0,0,1,2,0,0,1,0,0,3,7,0,0,0,0,0,0,0,3,1,0,0,1,0,0,0,0,0,0,0,0,0,0,0,0,2,0,0,2,0,4,0,2,2,0,0,0,0,0,0,0,1,0,0,0,0,0,0,0,3,0,0,0,0,2,0,0,2,0,0,0,2,0,2,0,0,1,0,6,1,1,0,0,4,0,2,0,3,0
0,0,0,0,0,9,0,0,0,0,0,0,0,0,1,0,0,0,1,0,0,0,0,0,0,4,2,2,0,0,0,0,0,0,0,0,0,0,0,0,0,0,0,1,0,0,0,0,4,0,0,0,0,0,0,0,0,0,0,1,0,0,0,0,0,6,0,0,0,0,0,0,0,0,0,0,0,0,0,1,0,0,0,0,0,5,0,0,1,0,0,0,0,0,0,0,0,2,0,0,0,0,0,0,0,0,0,0,0,0,0,0,0,2,1,0,2,0,0,0,0,0,0,0,0,0,0,2,0,0,1,2,0,0,0,0,0,0,0,0,0,0,0,0,0,0,0,0,0,0,0,0,5,0,0,0,0,0,0,0,0,0,11,0,0,0,0,0,0,0,0,0,0,2,0,1,0,0,0,0,0,1,0,0,1,0,0,7,0,0,0,1,6,0,0,1,2,1
0,0,0,0,0,0,0,0,0,0,0,0,0,0,0,0,0,0,0,0,0,0,0,0,0,1,0,0,0,0,0,0,1,0,0,0,0,0,0,0,0,0,0,0,0,5,1,0,1,0,0,0,4,0,0,0,1,0,0,0,0,0,0,0,0,0,0,0,0,0,0,0,0,0,0,5,0,1,0,0,1,0,0,0,0,0,0,0,0,0,0,0,0,0,0,0,0,0,0,0,0,0,0,0,0,1,0,0,0,0,0,0,0,1,0,0,0,0,0,1,2,0,8,0,0,0,0,0,1,0,0,0,0,0,0,0,0,0,0,0,0,0,0,1,0,0,4,1,0,0,0,0,5,0,0,0,0,1,1,5,3,0,0,0,1,0,0,0,0,0,0,0,1,0,0,0,0,0,0,0,1,0,0,0,0,0,5,0,2,0,0,1,6,0,15,0,17,0
0,1,0,1,0,0,1,0,0,0,1,0,0,0,0,0,1,0,1,0,0,0,2,1,8,5,0,11,4,0,7,0,6,0,0,0,0,0,0,7,1,0,0,0,0,5,3,4,3,1,0,1,4,1,4,0,1,0,1,3,0,0,4,3,1,3,0,0,0,0,1,0,1,0,0,8,1,0,0,0,18,0,2,1,0,0,0,34,1,0,0,18,2,7,0,0,0,4,0,16,0,0,1,0,0,1,0,4,0,3,3,0,1,5,0,0,1,1,5,15,0,1,39,0,2,1,0,3,0,0,2,1,0,0,0,0,0,0,0,2,0,1,2,0,3,1,2,2,6,9,0,0,0,11,5,0,0,1,7,3,4,0,1,2,0,0,0,0,1,0,0,1,0,1,0,2,5,0,8,2,9,0,0,0,2,7,0,5,2,0,1,22,0,2,11,0,12,0
