,component_1,component_2,component_3,component_4,component_5,component_6,component_7,component_8,component_9,component_10
174,-3.3766228778944476,-1.3137507503758696,-1.0930496911469243,3.4627375442926334,-2.70800469993727,-0.8545818613179892,-0.36295689708679213,1.3965787808263894,0.842622112013266,-2.6977853140198373
217,0.8988867729831601,-1.6782036156173348,-0.6813776801552731,4.585017891080214,-0.9641680195656752,-4.867372288176185,-0.6163669650164959,4.206246348338484,-2.5715768901416096,-1.1424577578220068
162,-4.8703127387283764,-0.014593890692980548,-0.2955342997058435,-2.6964558685698954,0.98278173639449,1.2428384874993448,-1.409066730016536,-1.8406193444712828,0.02571844575637635,-1.8314096840035807
51,27.331444752952613,-0.9476421098945977,10.630468863003582,0.049052519681533666,34.82634634046211,-9.681673186346616,-10.921874799147293,-5.0361854185915105,8.10013121562429,-3.8388918873100266
221,-3.150536439794081,5.554893451089945,-1.032006306615668,-3.317291134187655,-1.716481297041563,-1.207166923867044,-0.36971346751533424,1.008744594327407,0.00915834434638629,0.48397970885448804
2,2.512809059834191,-1.969033086777831,1.6582556164741233,2.213548572849454,0.19017563526803444,-1.8355712439947813,-0.755652298699692,0.6958686515320915,-3.0449799393170074,0.665241088848083
191,-1.7060028715320363,0.4311774408211932,-1.294684438729376,0.07634568308778121,-2.0607111421337536,-2.151660959276053,1.4656172838324923,1.7493533161358161,-0.5129981074898825,-0.9477449853827333
45,-6.927634193295878,-0.1368549561775063,-1.0067068806542725,-3.2440430350888168,-0.5685344749056294,0.4250744974084017,-0.6715990675121757,-0.8221791903262149,-0.36812471213003023,-0.5363241442278793
69,-2.1888622460773157,-0.5229350488514976,0.40725720542578847,2.998461530473126,0.004004873551421618,-2.0133676827138336,-3.4812387647328222,-3.1519116757320993,-0.6946876043427898,2.308194716715859
263,-6.919090386673332,-0.03376058340276139,-0.8475592430397662,-4.001299138392722,-0.36381814396472556,0.5454037249832511,-0.872846068938258,-0.27725866667384186,-0.681683391300848,-0.3977223588773797
135,-3.2979453162603316,-2.2574909963453678,-1.4525740449461872,-2.308316866949358,-0.44301524971508666,4.295017191783517,-0.16542617418462324,-1.8727283464914837,-1.6690510804384489,-0.8504403855969956
47,6.659469638807903,-2.9115376070998176,4.8943700172831255,19.29018092653117,4.522243068550271,0.36332570663656666,5.818503453713113,-13.419722019303919,13.294677632396285,-5.84019510023258
266,-2.823027926239744,-1.1257880150048494,-2.291059671623467,-0.9033911954114486,-1.3140074027071207,0.6634117285359532,-1.6463974692243646,-1.0407749836289042,-1.4810640261772499,-3.365762043265464
155,-2.8552927137386486,-0.6647016144972312,-0.5195362763588144,-2.2990279872805455,1.061919086411315,0.12417393141380151,-2.1723243968708386,-1.1541552645146416,-0.7574689424434478,1.1777071047419119
187,0.4420955728975615,-2.082296428946072,-1.0622936952096687,4.262815905632216,-2.7861719333720005,-1.6328189177816033,5.406414481174616,-1.7623105680249687,0.8754407802297979,-3.8371324175077826
211,0.19099318986261743,-0.4474699675305986,0.9150392109124413,-0.1245602873958166,2.9659170323006974,-2.161764931883024,3.306773663390857,1.1433802616294153,3.3187825069645664,-1.8141833995457817
92,-4.33398426554148,-1.0386364700158468,0.4093282842585454,0.05811873262591886,0.08286828793617493,0.5115814671431248,-4.073392796526572,-1.8211720879857445,-1.7877650525482476,1.8934667676715273
48,-0.30059512474926353,-2.1654154331938,1.801399822631574,6.057367655670774,2.992260094463206,0.5402806706451729,2.7407782778738667,-5.593419550955388,3.2521593153395774,-2.3380817309146704
190,-3.8997656092135906,1.0431198059432907,-0.27116477513738296,-3.3324745752199925,0.7457890965236599,-0.36681952134325596,0.07955311795668817,0.45759277930339715,-0.08667003458013937,-0.058410233683701344
265,-4.727971540145499,2.486560618201011,0.09528083643444989,-4.566316717529064,-0.41928605916852746,0.7024381631801712,-0.8746120505971022,-0.5674850202189019,-1.2328712450762058,-0.9021134205931426
49,13.297340565129165,-7.4241327584464285,7.953313126647824,10.490628789280825,2.908321940443034,35.82558174357702,-9.610441496746073,18.30614002664679,2.4237722863114715,-0.8764834620031003
147,-4.7556709791889356,0.25464017584475246,-0.5306764515854898,-3.2307463608049534,0.6533017888462552,-0.42642033367392906,-2.2127674261282086,0.15673680075534033,-1.2828904187861143,-0.16882986368221747
117,-3.5436899470131493,3.550594006054435,-1.5201297398596625,-2.2577968690114676,-0.8929473095135496,1.8006081753305059,-1.5888727698526615,-0.0007691552839215102,0.34098178518027006,-1.5942234363566805
50,-0.43871580190573295,-3.100578327619411,0.03721460033838055,4.362838912984689,0.23034015904226005,1.9151890614746274,3.6124906057969386,-4.81782727543191,4.338686308495662,-1.8490181440811966
10,2.0262892810440247,-3.119876099344478,0.7077092335117608,9.752343370484159,-1.794765231948116,0.45230719685670856,8.168736201034752,-2.102397153977281,-11.280775277317408,12.161510392151408
232,-3.4326227302828594,-0.1750953122768706,0.18442424868481044,1.0504149437038177,-1.3521460677474562,-0.14517569934547622,-2.8765849304045874,-1.6777047620394938,-0.2891978029793317,3.209303240105223
212,-0.3173657183150704,3.274346642059701,0.8699270572318509,-5.581561570309802,3.5867097101262244,0.29558982114415316,0.36342117192282447,-3.6041502566303416,2.259703875968094,-1.342446859444968
128,-3.162991741270542,0.12063823282320592,-1.0758191280082936,-2.6719628425805215,0.7784216528090945,-0.009943805778603826,-1.9663785037294872,-2.2203648701467342,-0.2913837837218599,-1.3364861165982806
54,-0.6497842509162803,-0.583793749023307,0.7691605594332909,4.817179754771052,0.570909450306205,0.8987359647958808,1.570174758501469,-6.6905971322433055,2.1412000703475553,-0.7601569381104174
122,-2.3900933963033637,3.4227700492846163,-1.4537774358883193,-3.53589984792509,1.1509521263867137,0.9885548998378553,-1.7666830653271655,-0.9013585460026926,-0.060948554462432344,-0.4110342225708177
115,9.819547972791947,4.5708713946588215,6.134056446914133,-4.595150640256488,17.291944918021287,-1.5673910912284656,5.4086373733876725,8.088040418098654,9.281324260826286,0.041501420094355215
112,-5.916980993789306,1.8587590781094723,-0.9550211132773725,-3.4668038070183824,0.14823786748655915,0.24092770195926846,-1.233618895425889,0.04495236578081365,-1.039869065644215,-0.4798601450804835
168,12.712840937996,-3.542685092966141,3.5994815656413603,-5.2226773072354,14.93182223539348,-5.471619422061494,2.32940252678799,10.94899318731779,-10.672715753990524,2.232666630361517
206,1.8366284935265154,0.6051036945949435,-0.695152880831424,-0.14331855831810963,-2.2542319580327015,-1.4038753256945455,1.7931526850223907,4.24354795618301,-0.6238955293847952,0.6308619389783393
55,4.067417070254806,-3.7358611223370666,-1.7426327315491044,2.5208803166237708,0.17628107482613908,0.5399483211179611,5.4886518372576765,-0.836725689737521,-2.8024319619374847,-1.5599625067995657
73,4.608982484638742,-2.8211463302432698,-5.1074922109884495,-5.338703754286823,-5.412843997304396,3.0758909477983325,0.5688905209129004,-0.6554931178744019,-2.545459328083244,-3.2748406438831683
25,1.316775485367649,-2.0166473639446334,4.062500126263794,0.8238916294952532,-0.11243268841838498,2.3448892613955694,0.8059493367753693,-1.4680569341121252,-2.2273615195549397,-1.841331064183184
160,-5.195094747175984,-0.8218173889918854,-0.305523833781247,-0.46118201018605,-1.42889129740024,1.296985690378542,-2.0622804338023415,-3.034113250239755,0.581102359592216,-0.44596967104391033
40,-5.046099642331856,-0.47372798018955176,-1.1259050865141234,-1.8482477569269944,0.0714097724669793,1.2481439704912747,-0.09591574628392553,-1.6581312037947884,0.3860087750714142,-0.6253934979316152
76,-2.8910676823646213,1.0646002360084394,-0.7273008436733458,-2.70064355726275,1.9719761076537736,-1.1350019408869108,-2.4417261242314554,1.161211622332699,0.22989803456480332,-0.4275989832394035
42,-0.43138951261175174,-2.4836266334819967,0.942044678636819,4.751543169028528,0.6235983194394772,2.2162049191297677,-2.309311186679404,-0.6448093896780075,-1.1055508092484374,-0.16245420978705535
161,-3.082260400821908,-0.944090238871998,-0.28735623739622546,-3.393422721949956,0.8492491988659948,1.4930823733301548,-2.1454812396764575,-1.4376739750205292,0.32966804894461116,-2.3085833547266414
163,-5.643752222390027,2.373341111823815,-0.9057461981536729,-4.006950668218227,-0.6132357347990286,0.6597114530554068,-1.136266432202533,-0.3650928304402283,-1.2932740808963525,-0.4315045804054879
145,-2.990310478354924,0.16884070710793653,0.16760028166358268,-0.7930927624237001,-0.4035264919085508,-0.47571465618182884,0.22112313585889135,-2.0565103342869806,0.9822584791786144,1.529456227639437
98,-5.127972727913954,0.30149504911747493,-1.0756759481974643,-3.7970497121791267,-0.9218441674897605,0.5996439922852514,-0.44617808595469827,-0.41355426663086525,-0.44585568603020415,-0.5840669232637715
148,-4.061556907860799,-0.4448065764632618,-1.0312256628625154,-1.2441874791458127,0.06529207307550458,0.7203962047595168,0.21196727721637748,-1.2069010405751484,0.5919467306766726,0.01742505584319319
21,0.49912275170677955,-1.1504830499575354,0.3404593760181491,2.5417316744854452,0.2576070542439916,-0.8707202032824566,-5.858259829963719,-0.7509804340254375,-0.38292818185359817,4.459598735414224
171,-3.8411926728612924,4.6366809894305065,-1.7033834077927386,-1.981238882264704,-1.0258348768198133,-0.7907251991304726,0.46897116621631046,-0.2177024216122901,-0.6023337366007274,0.10150265266901673
65,0.1146374540530521,-3.8789495020803844,0.8025311776863043,3.3947723928214004,-1.1742254280290936,3.8785805076854145,-1.5305163384035492,-5.7578252174358715,-1.0907137675470429,-1.9388327478790395
34,5.328373069472292,-3.487522705671147,-0.7462408878352947,8.847225957553333,-2.031483666470152,-0.43157137001183493,17.890673594188208,5.743029214058855,-3.275061653265341,2.4920676291464114
256,-4.87711517664632,2.9907626780201797,-1.0187627022862733,-4.328859919809489,-0.18472675651710288,0.5465485191778117,-1.2497433717260098,-0.6568790026964464,-0.6108186842114524,-0.681567399149919
130,-4.314456658259247,3.852759638243627,-1.0585496369615366,-4.234856235462869,-1.9084411691870653,1.661715410418342,-1.2101658991720174,-0.6657904817172694,-0.4737055007534332,-0.8064142797694789
166,14.375883156970648,2.444420341154922,6.156027579480009,8.646335385665557,8.659102538625637,-3.5250254275202284,-21.173397828657876,-11.95168189186754,-2.3050264485777516,7.982065808926834
169,6.2355561127248365,-1.0901604143625183,6.133601460006361,-1.7857899618219917,3.261177973930572,-2.890308910460969,-2.821520816406252,0.30856098867049664,-0.0921972206309453,0.9779386017988577
77,-4.648851141959454,-0.1792853194405759,0.05469305205498108,-1.5210559733618285,-1.0395131535220996,1.1606183199887423,0.040899348563444175,0.059344027814973,0.3613471257591396,0.6161194069146242
62,-0.12863702151290812,-2.186223101314179,-0.1457162902347576,-0.2541929050960119,-1.274491020375202,2.592480790318323,-0.9540340890319946,-4.441179617684737,0.6518214456722713,-3.813379067749943
118,-5.221503731970671,1.8044605836486036,-1.1088662163711869,-3.9810773395344876,-0.18450621056248073,0.3523771915128564,-0.8607451717475193,-0.5280340800070951,0.001197955934142157,-0.07531266805362577
71,-1.260663166049902,-0.7059812727278316,-0.6302443861440945,1.0912854225316753,0.10704428633892847,-2.10410368055739,-2.066802990718844,1.7357671621442268,1.793092058403562,0.2812761183869995
15,-0.13850761362504876,-0.7208403760853943,1.0659176709058105,-1.0649784252635568,0.2324012406687444,-1.3711055119353786,0.892376906217337,0.7913829842587314,-2.4618847023728168,0.3939148785842735
151,-2.7392039837798694,-1.016051221311124,-0.021878393424397166,-0.779840397132077,0.2890126911762936,1.3928199808304242,-1.5211927595545343,-0.8766107588579147,-0.010259693913746669,0.18307082512010625
90,4.414159475096568,0.3792483891182679,-0.346085152517535,-7.187491008438248,7.500477727256994,1.0875726364189096,0.09003554111845767,-5.156572285392431,2.351005641024589,-3.2991878510541786
138,1.48177692062105,-0.9893790195914202,1.4301682250066792,2.7978680042964474,-2.3523887046102256,2.7512280911731755,-0.5156663376440519,-3.2650256928865407,1.0585656748460932,1.3178942069194888
200,-5.089936084681323,-0.01910406596024154,-1.0895580652592376,-1.5949590294094087,-1.6762501693554284,-1.1226329894450668,0.721711528231407,0.9144231351729813,0.8669110221943175,-0.8759231913618493
207,-2.4594860522314486,-0.6127685474556138,-1.0072396275608022,0.3190380324968549,-0.956350458190011,-0.5726388233234436,2.4484094818863613,1.2906070816412023,0.24844196832788235,1.7294705965181312
156,-4.65929944622972,-1.3275569698153775,-0.060737631594223865,1.3988039462252455,-0.7162656988138646,1.2163634204737956,-1.7563661502081085,-3.556620235892704,1.119431483735628,-0.5862990373272173
247,3.1499228588781416,-0.33292433181735515,1.3069356247389619,-0.769927989154835,1.237735726042577,-3.692662462492591,-2.1461757496670817,2.992394478637259,-3.2202616683244933,-2.8164200006257913
222,-0.32884463713714274,-2.7517292387235774,-1.927970494410043,3.3184416272966306,-1.5829678670873282,-0.9291425824284597,7.203392121659765,-1.8527620549739514,-1.436095780800686,-2.6020352241338127
23,113.33401457289104,-27.491328188428056,-48.99444912801833,-17.395708683393302,-9.201949775946646,-0.3968057325883354,-3.329266182167502,-4.525648891568796,3.2276883593903936,-1.9069243886063267
196,-2.560398661478202,-0.13552270123960608,-0.7221661827381636,1.6565761093430154,-3.1861485921468344,-5.24626664098411,-0.88360144214483,4.761894583652723,-2.2161360702775688,-2.3793695338475347
242,-1.6644781577228274,-1.6223720829680943,-1.4092830628329367,4.5272763211259095,-3.0316298497500087,0.6473451054439012,-1.892369636799891,1.4983981437950615,-0.7755107750646827,-5.40001280754496
186,-1.6899643393775305,-1.011649081479829,-1.0953888759432608,4.63443274663642,-1.9424216292175354,-1.1432030700451996,3.0197053372755476,0.26419806861479556,2.0892918098068605,-1.2864524210026758
84,-6.374989845906567,0.07874320555035771,-0.9805391566154221,-2.962280686029004,-0.9182965611109772,0.66686585447131,-1.1574922353090311,-0.5351190517932403,-0.3278024238724605,-0.6504065465858807
264,-0.4655462309184253,0.64254515655428,-1.0033642446778963,1.7588670825433235,-2.9742890057848723,0.7695973432381127,-2.6058745989444647,1.9647716857710336,-0.08350327643571075,-2.946109961253078
228,-0.953973086140203,0.8346518893994974,-1.053371618937215,-2.623762709954166,-0.9221875479314916,-1.6549057223910901,-0.14825045240515533,5.42986610708606,7.151780594605479,6.977496903011912
95,2.4578407650059675,-0.655766108982553,0.5489627804528573,-3.1215191841783994,8.02951819787417,-1.1223509039455692,2.9149799300274353,-4.396391053907037,4.120805059757496,-3.220376873612166
18,6.07359530818009,-4.1990078463283185,3.1541115161390962,3.4060542560009703,4.068720038406862,-0.35810393757200626,-4.648560199407249,-0.7779402192257976,-8.466485760272954,13.46876090469118
188,-1.714750714195691,-1.5389047770804236,0.6606311627469866,1.7221775688356737,-2.371967525935559,-1.64893828473613,0.32060122191838786,0.9188564236672675,0.24075555718572114,-4.489391148205892
58,-2.9158400765390975,-0.6991485919706858,0.4578570997173912,-2.0071142489292573,1.4089935429799336,-0.0007670456439033247,-2.594878110748449,-0.9986261353026441,-0.1887460363099181,0.47583650893314505
268,-2.400175913215042,-1.2439942320305348,0.6583357340830738,0.7339588499896731,-0.299895356912592,-1.0504789516578992,-4.6489013144225035,-1.9639580333386235,-2.5808496516728416,2.0239807874094784
199,-4.690537981601574,1.0505572918342074,-1.7027944998569782,-0.08981655140774283,-2.018513955201743,0.2618235408653783,-0.07393129806275174,1.9989450470044203,1.1704054521009177,-0.9943477137214192
254,-4.371463948261392,0.6596583024508685,-1.5106705750084417,-3.2813760710238133,0.48118118830057177,0.09229385493927966,0.08348016104820735,1.2106873493247807,0.1101901467594317,-0.009465418436579562
192,-2.0608885575463374,1.8805552661862655,-0.9429611735229746,-3.257498682118281,2.152323178086785,-1.7450505395851656,0.001347141282082549,1.8451344876155844,0.18134073690411895,0.049857769047803466
261,-2.9007591192698414,-1.7672142236173667,-0.4433831455901636,1.2457447944064914,0.3899244078600075,0.6535183949192603,-0.701324477671621,0.9235040721604294,0.005146505834813812,-1.0364678222478718
137,-6.733046437904076,-0.24699271870848288,-1.2092626535457591,-3.733539751266893,-0.762243399765377,0.6723121577487848,-0.7061529554724656,-0.39685185691165514,-0.30749491817820584,-0.2960145683414618
43,2.3590953137208484,-3.7524889631692244,2.1819576226646347,10.30469769924865,-1.0080618408523792,0.9542112455177574,3.318949531006395,-7.244649358638669,2.257079803860743,-5.319769389524494
178,-2.0476384440439155,-1.3451986872214836,-0.08143276465355566,9.213956515012278,-2.056432534780946,-2.1843260229430213,-0.6306885307706297,-6.446692140752897,4.201767733242059,0.5016451499757179
238,5.144153603188668,-4.594692698881848,0.10359746422454941,9.898501164933325,-0.07932689209843195,2.5995421202489313,1.3184247620929732,-1.9505037084026025,3.725683343810585,-10.574498593290125
229,1.753064525670621,5.668245206333092,1.9330238305907295,-8.174299105387425,4.337122317412839,1.0929247977950542,-0.17196013676651362,-4.230979677637618,1.6553976998025297,-2.8554620637724195
64,0.38200856206222555,-2.342714635623696,1.8102054389596813,2.1404666010863913,1.2360457278018766,-1.988373110555582,-1.0462083710407386,3.0861682670064665,-1.7412257434006777,-2.6100716167964637
208,-2.0751807523243313,-2.5480115886004464,-0.12652054937666157,2.961705741981401,-1.0937806152525387,-2.4688795834675346,-1.4751568277077587,1.1382799488824253,-1.3589453720839717,-1.1999829893314007
258,-2.7469567528993886,0.16957912918265863,-0.8310747969767351,1.0838632550075904,-1.9771966806509182,0.35905325065662835,-0.6385126003391659,2.1247868811719712,2.975263434069275,-0.5352331350329991
35,7.429493212654957,-4.791076616645145,0.6529211313099806,1.6939347144476795,-3.865302793367616,0.39965978956369436,6.107592251464029,5.976618105031606,-12.550753537213014,-2.5014081003137743
235,10.52325470970822,-7.842361583166272,2.6160868025047357,24.269885124717245,-0.059512333108732364,-11.000260945720807,-13.835151874611762,-4.716628862617352,-3.6922952701281635,12.76461008580481
167,17.944505812092782,2.409254288352246,7.892662314297387,2.9956451963971955,28.935589692155787,-11.46805380621652,4.534747733897418,18.034171366074286,3.341474955866399,-7.072534178981197
6,-5.540997447801591,-0.3679269629547173,-1.0976813499378273,-0.5818381048600421,-0.9215888984640607,0.24674202915933746,0.41775530364817737,-0.7340276381175804,-1.6883674621107057,2.949853696912788
209,-4.505172430969573,1.0619356118051275,-1.6568087927722153,-2.7841819772959835,-1.201267425428347,-0.5458885955052882,0.325640947156298,1.190417310728613,3.216316629675481,0.7960077811777709
193,-2.180302176803286,-0.6193641211684419,1.5734141399818917,0.7742428286949842,-1.2012606694692411,0.6998897017373565,0.22470877071015544,-0.9038917594030865,2.4715084936162746,0.3511213502311628
28,6.345355839534304,1.9408650441012747,1.8290763724875685,-4.230889046731071,9.922322132770633,2.492033823977432,7.08877745550865,0.6954820432636106,-0.23904101148201573,4.84141298915229
179,-3.7123452334510256,1.6603624895198452,-1.9324597061534226,-1.7208265847747204,-1.1735290761474555,-0.5517308084203784,0.9312490144729625,1.4650921784064181,1.8345794493900447,0.08177213539299603
253,4.957769947143027,-1.4831440141384478,-3.2109286966097104,9.146058927830703,-8.31791779418023,-16.235653585880353,-4.136007839010367,16.12945228658624,-11.171109747618674,-10.917452761442027
194,-0.5960973902478904,1.1214502334742609,1.4144186257495621,-4.048103900215053,4.30642987600995,-1.6280225383514786,0.9552572320598125,0.8789583718317,-0.1340162767290518,0.16065081441832293
39,-2.2163248710612784,0.1314827171861397,0.4481939835995757,1.8806434176503875,-1.4017435138860115,-0.6755869245513857,0.09685275495129281,0.9638248275126343,1.8198811574900264,-0.15826804916203335
142,-1.5599497208736182,-2.212313789123765,-1.6775739100331515,-2.1475322209656658,-2.446171814419301,0.7742472497066845,-0.9597829803223399,-0.3153523723225244,-1.2198664858890784,-1.4133024193648451
262,-2.598849946584716,3.0707212316517034,-1.518400267073417,-5.150489754601188,0.7479056487540964,0.6958612652913447,-1.8671463143795815,-0.8645266117518404,-0.980526813539257,-0.6012372898931744
239,-2.19329993298126,0.9517341497732849,0.16833237846137233,0.1210711437077339,1.1040652092608558,1.033108791139729,-0.2453874244535731,-0.6059323047944573,1.4309180690881198,-3.0013017706077156
252,-1.4886340186195928,-1.0016360240144686,-1.5767406839277358,4.581889524671115,-1.0038135555213303,0.8671514730724883,-0.07729861281017272,-0.6362705509798183,1.6019181582659208,-2.2968743209710083
213,-4.1412207307576585,2.0657389603313483,-1.0735962190380948,-2.216501549560838,-0.09544891330917601,-1.2753518362708387,0.6027098043144823,1.519883720039175,0.08117938909565439,-0.6952548259262764
91,-0.23030902922086247,1.3982930442529298,-2.2997386165582374,1.2971983732629215,-5.11412862157798,-0.9730829555691135,4.948086451020051,5.781939487530672,15.902930386608919,14.769538904794649
87,-5.133102438236158,-0.5490873441559146,-0.7607140889274028,-4.848763375029688,-0.25073841640983663,0.850597941120291,-0.2037140390486489,-1.6557635906477164,-0.127942886330727,-0.6460050234576095
79,-6.4623164259379715,-0.17616314917721176,-0.8422203877578639,-3.4094222480306353,-0.1137761709537513,0.8942972967807394,-0.7728591592247984,-0.6409682322596184,0.012971899483109452,-0.8233450465444664
94,-2.2301301033813417,1.6955359580124878,-1.7755959098320202,-3.4750576103519317,1.0024065016804258,-0.22785287716806635,0.2773043165253035,0.7461200216350256,-0.6147189021199382,-0.5095905654845041
114,6.204476833771759,2.14872401826402,-0.005547600870158343,-6.636846254098615,4.1633509309233,-0.37542388898034385,1.38347081559284,-1.9619552259291304,2.8697447873443935,-1.4527905701772694
175,-4.2864172525150686,0.9612510911606159,-1.3701873364703685,-1.1287817123756891,-0.31750989353951253,0.4079940702138537,1.3780958427568817,1.8456335429668687,0.36274942728045845,0.4295742669339336
149,-4.923854192004827,-0.9268893983691032,-0.6417808076195207,-1.215308602660693,-1.3729134690059723,1.4308462650313976,-2.501129507536275,-0.9797922388636491,0.205633081340953,1.1054858041220246
202,-3.4972186450322797,0.09639791074828241,-1.219024832956881,-0.48139311754043207,-1.6451819310309852,-2.390940543394576,-0.46100382322249556,1.8345556527039653,0.4315679730477804,-0.14732652797214094
198,-3.1571305426662675,-0.13059165430029473,-1.40423698372161,1.224481318124668,-1.3191546598357655,-0.9792842851244584,-0.8183760621783781,2.5210782209424796,2.002849374611724,-1.5730987477155602
110,-5.780459949709413,0.19572219775123625,-0.38188720647710794,-3.7957170515020535,-0.34192929993908266,0.2603209428322863,-0.6172727821617005,-0.7386884539313697,-0.6428700959705942,0.69628858639587
116,-4.773604948409225,0.6431107470266397,-1.6993141780854604,-3.451935678202997,0.12022963160366555,0.734964471650822,-1.2456308632059812,-0.600824197878696,-0.5506528748579734,0.11356679336306087
68,4.547033205016886,-3.209173933872098,2.1261179161722166,4.8998390162876735,0.4158955499295783,1.6974235849503365,7.331305678941716,-3.2237091662278092,-1.1480834811326952,-1.1500044588284544
157,-2.0454856818336644,0.317068274706226,-0.4823395621409086,-3.3013664966043312,0.041947979430497294,1.0668946916194446,-0.15263730336606715,2.360961896739044,3.293096547515842,1.5284057733679164
233,2.0407880491109673,-0.7360361685316258,1.6232189497516183,0.975920658918001,0.6723697847895559,-2.240759100322914,3.7975262157968244,1.7439235095716121,1.2572065503496699,-3.0432558897715265
240,0.8257926664761359,-2.604691125779263,-0.1585511277995198,3.4073304715372847,0.02202798015231776,-0.5914960215531322,1.784618274891358,-1.590687273605164,-2.1032736068297266,-2.1939192883359033
59,-2.438522966724557,-1.615481368782019,0.9303619459497574,-1.8844077716973557,-1.1271505443979826,3.721591257796411,-0.9203191510447216,0.5569719098440775,-1.0329941295687195,-0.30757913880235827
185,-4.041994197849084,0.8985463050508892,-1.6821754174618861,-1.0549363413161026,-0.9942689460296532,0.7911882740656891,0.3006957612394819,1.5570324992561393,1.0296332381848277,-0.41446209866800515
32,1.0093065301287896,-1.03695994746736,-0.9629450591234124,-0.39030923757331143,0.4714824964737825,0.2041797894237007,5.150342300775648,1.406153531641262,-3.0194775640051477,1.1630841746780236
13,-2.087697978515318,-0.45915644290799396,-0.22221243274276734,0.8871344569449195,-1.0116355543487443,-1.522006805850724,-0.5924636204835247,1.1456235343697232,-1.9693398747569661,-0.6218940754725771
17,-2.150458244546348,-1.3617270985991459,0.5970591804018687,0.3932048931906607,-0.8550467714649599,1.7622667263801295,3.5655544491956555,0.27441587382428706,-3.9501087142077025,2.771718386143053
201,-0.24054469313787874,-0.9812587125595302,-1.1228410943706575,0.8496290147339242,-1.2533056335045223,-0.9877932889143343,2.1654316354023853,0.4680702571914002,0.9561610232016315,-2.488575591989934
184,-0.13384571896448827,-0.5068066493135805,-1.2823816601888105,0.45211140943486255,-1.748639339351743,-1.8319041788589236,0.9439838789448202,1.4177081888148546,-0.7654441586785082,-2.3085159274151823
249,1.864602435103952,-0.7994917784115758,-1.2933896794858206,-3.7237996862602443,-2.112585274780455,2.2061538171964736,-2.5597439900326897,0.8014565518221846,-0.803624254661786,-3.1454928133000264
107,-6.060426494273357,-0.2837526263981127,-0.6657209607721087,-4.295211887142984,0.6333023867622698,0.7559824123775777,-0.6172422790774329,-1.5091143001634724,0.07642123442809981,-0.730301379078625
218,-3.8980254870293907,5.606971657008874,-2.1200284272309204,-3.264106085188432,-2.491277564190176,0.02192074512571446,0.07387271363244445,-0.5680104432877415,-1.670917015622369,-0.7988662686444788
81,-1.0114720012236695,-2.053573169602623,0.9506133760672276,8.38792685633781,-0.23188882771559519,2.086253294279886,0.9336096487099809,-9.579503652718445,6.411729942726554,-1.103656846936119
9,-1.9380741479127779,-2.044535299686235,-0.183775718144029,3.362739450364481,-2.5287773063967585,-2.1384046543042423,4.218654259909255,1.5791767582516536,-3.957022671856667,6.816899889419996
204,-4.272584628561148,2.456981213850136,-2.4729912474080797,-2.6066702047688586,-1.6314138217496232,-2.150183976993671,0.12774782385403619,1.2258854004306134,0.45645431567389305,0.1302793356862974
216,-1.4066364125243027,1.482318597924603,-1.7063023485869606,1.1501182248713988,0.14828715153687091,-0.5948197228748144,3.5122237613095644,3.094438891405755,2.1443473677070184,-1.5902879779576429
183,-2.7368966604876697,7.935122894924147,-2.346067001058974,-2.790362039915649,-2.013627669150146,-0.5313146428092416,-0.42474756400613095,0.006601661341598331,-0.10894419111818159,0.14587819131900207
182,-2.2949218477659086,-1.225554198724148,-0.9189739487323548,3.625561086699999,-0.49460963682913156,-3.2765073952481694,1.9283529255849032,3.935802780941787,2.9106438000327244,-0.21689974119030525
101,0.9222877889162795,2.0269354385692964,0.9483802348256983,-6.622057321876915,3.13367452391202,1.2852388847246754,-1.0507381410252004,-3.970219978725094,1.870253260345844,-1.1735547579820043
22,-0.8064266316334872,-0.7093089316481889,1.112555710667575,4.7296178873570165,-0.2879666029921863,-1.8941817355805417,-6.407542617277449,2.2730994598989627,-3.536353191395043,5.882540488492219
141,2.8320704095205405,-1.0062208197743212,2.4952243573299264,-1.9206195892397402,1.334497412325567,0.6481540591505558,0.15499351980921527,0.9903763600582681,-0.13010935607822557,0.49379421287602454
3,2.2571210122904946,-2.7707920234401504,1.8635464308854985,1.5529568189272258,2.743651088461134,0.5566864766784296,-0.40727904521562647,-0.3901836015341147,-4.638373449132503,6.018045888571334
119,4.433528916999416,14.133948322365221,-2.4609265008076777,-3.050011672109787,-1.7616526958365686,0.0659706577627569,-0.6110113668173096,0.21179297313152678,-2.354872095968866,-0.8110835110446706
150,-5.394907740491187,-0.321992548231799,-1.5726069520663084,-3.060898488190132,-0.5711453259412921,-0.253424796292772,-1.2467681473410337,0.14823066241479116,-0.371817214199332,-0.45271853696719033
97,-2.8149236514048077,-1.0789676162752662,0.9803099237100756,1.8344227162038855,0.6319469476728538,0.3628112375487178,-4.303529579872365,-3.6596135373968526,0.5964981941508417,3.9111747195110733
144,1.4402758422256468,-2.0623072471635155,0.2768815926684149,1.437305248573977,2.538527919852178,2.4693689581487543,-6.788938826296822,-0.36203264352329784,-3.1404890434070314,5.50926610134883
99,-3.833546140669029,-0.7314129669563707,-1.7248301427120238,-3.5236108011290104,-0.41928138464303144,-0.13592263224533754,-0.3770593592444055,-0.11211848361540065,1.1935483028331644,-0.6608745890017728
124,-5.468943506836407,1.467607491088504,-0.5709946197304977,-4.119862628718411,-0.6342530713414819,0.8725758202213798,-1.1439489464835542,-0.5375418454702474,-0.4861256974969992,-0.6060498135444043
203,-2.628824385552454,5.115304232850686,-0.33448851508323846,-2.57098490822788,0.8523112865757443,-0.5790441232559068,-2.638150444803555,0.2508108256587796,0.7114795052909945,0.4117091253489521
74,-3.05471213537783,-1.5851939969482076,-0.14502580554426575,0.32342865296143414,-1.1653712377200014,1.2528181858957284,3.904866920429689,-3.9503252544853718,0.4776585562281437,-0.9759155742911626
153,-3.6070063207074674,-0.4504421288543839,-0.8088515660867701,0.0791189553610566,-0.9765970394282563,-0.2835943484029673,0.33514170258026693,-1.4380707753775517,0.9171764712175752,-0.33461266625351627
38,1.7722374173805702,-2.1113798998005056,2.7137311787164244,-0.9044666291796896,1.4012267073677125,3.240328846583934,3.3896962076087958,0.920546921098033,-2.658424827473287,2.5996566697447347
125,-2.280082299973575,3.2954198910246957,-1.8321122199899353,-1.129694884925959,-0.17203002821416488,-0.08286532463244518,-0.751298129778628,1.0144285949091965,-0.5776786970090478,-0.6143755519540177
30,2.504714904669823,-3.1257126666313693,-0.8344532803325586,1.4329689954964246,-0.8748724898404094,-0.6688254922516416,-1.016783147773157,0.8948837152339616,-4.601638748488409,-3.748267588891344
83,-3.0332949834264435,-1.8735960439598993,-0.351193736036529,2.2907994248543644,-2.019155780171067,1.738184074609009,-1.9659629802564047,-2.0285921460575773,1.5595555553035085,-1.157537496322738
159,0.3108019166569037,-0.31350209259153977,-0.25501274997228135,-5.442258226905165,2.778324392595857,0.060193746797575005,-1.020137930788111,-0.22073576444287932,-0.030596535075200052,-0.494361214533758
82,-3.909604444603358,1.3694450323092524,-1.0399953157295476,-3.65307613277789,0.18975210084335342,0.9741590339412713,-0.7487329076198815,-0.7278165122701514,0.7841658260291939,-1.2216676293912778
220,-1.8076183489778548,0.011008816964846858,-0.6261998974619613,1.4179459230424503,-0.9519271271360332,-0.6570598193642209,-0.12655364851125173,0.8160191146757735,-0.1857013321132483,-0.14605090884240823
143,-0.39444079206577715,-3.2437984878312123,0.2779888497654183,4.909397291346844,-0.167769610244337,-0.14930702461230078,6.497108906349058,-4.55324424381703,0.9879736841398712,-1.1714312527758306
189,2.976285677123045,-2.518486851134537,-0.6905235688567926,4.667708312554024,-1.9809765630977374,-7.6869817522787915,3.833875367026818,4.825822741370175,-3.1563947077422077,-0.9062142806581823
225,-4.813314676941292,4.9688942170380495,-1.938561000685173,-3.1739154131609593,-1.8261329819277112,-0.37953386289938085,-1.0706778055743023,0.6422721913320635,-0.5071604551195539,-0.28671673287439703
139,-1.0121340889005308,-0.8080785756827904,0.47611847611601404,0.10237299083806962,-1.7332364415836004,0.12892429665875252,0.21848542352998693,1.2238915295860708,0.5741866010752732,2.066189196188496
215,-2.066932691097335,1.4860895364144002,-3.0683487397306064,-0.7368323534493222,-4.371740249977943,-3.343961905415136,5.116410776449443,6.239064164777707,14.886900448173813,11.219170626151598
108,4.121507361650013,2.680337802695083,3.2236278006333516,-5.757090959262032,9.506059745644448,-2.1912843585992285,1.9374519977515496,0.9400209926036086,1.233010560819841,0.20368656332357102
133,1.7809813044233223,-1.5625435667837346,-0.1628148399394894,5.688299021637308,-2.8418432358493697,2.600226096635583,-2.1323059559820328,-3.123162289412504,0.4533462577204621,-0.8249205395519491
44,3.7475057243823024,-2.7215335065011277,2.386598669224108,10.711017721040987,1.7632908010306552,3.5392025568785583,6.078161199794888,-5.85167676604848,4.2253470788675696,-5.0938591586478115
105,-4.9488825856715675,2.3953548635750432,-0.9712195584524602,-3.773372329495416,-0.2731958094753124,0.09685802423998209,-1.1922500493821506,0.03481867011242314,-0.5758763801809766,-0.6996644171120505
121,-2.014287123590258,-0.001600854628776649,-0.9157157913805906,-0.7762100098449821,-2.377181776310427,0.8839274379573864,-1.1974888490228268,-0.7924739899470182,-0.4179481604827434,-1.3713535128627556
31,7.246651462529749,-6.2681689074300095,0.4965509228791996,6.999573989049624,2.3960064499578304,10.56922513302345,17.37734195424121,-1.7763719986580662,-3.3433154325530285,-2.759713232853303
41,13.350907971433047,-7.267977199943898,8.142519126482053,10.33596372855142,3.0158238313174226,35.64969274435376,-9.499215956436867,18.241234094783497,2.550169286270428,-1.0000847809783144
197,-2.2953908590856367,-0.12132599513227435,-0.5059275250470816,2.671457995852479,0.08279859978372167,0.31447796561967734,2.5924683060867544,4.329328422955649,4.668591070023889,-1.1213612759611191
96,5.4362348788713675,-2.838273823490161,3.564281224230564,6.3434640040531605,-1.9875635656368689,-0.6377797113308422,-7.381613742900271,-0.9011733589666442,-3.8467900064389204,2.565660249711876
86,-4.023335600970794,0.2741367128663901,-0.81006116020874,-2.2232329193006777,-0.4170693177408186,-0.013479118903286715,-2.487438748144661,-0.4258973791708342,-0.6959673139427306,0.7100210363905592
36,-0.4900666767857843,-2.3166967708956596,0.5474891013847415,4.996556364746495,0.6175999581545543,2.785600544336004,-0.23986930981297275,-5.393239134840576,2.6919788795446458,-0.3213872721104564
19,-0.46573745910449327,-1.6082599986168093,0.9045301829711547,-1.6306092270904495,1.6940684171933946,2.462998096126947,2.363559286352803,-1.0485974153056024,-2.5942431971134976,-0.17704209154462613
27,14.282034914476318,-0.7368429541806956,7.639646144141439,-1.3816983691148632,8.866708034383704,2.9754897951414745,22.024423557794726,-6.982365023136829,-10.7583048428386,16.14186271220198
24,10.35674124538501,-7.760125768986912,-1.1129985352288132,9.137030260937332,2.1712443788975087,4.0160529123549,-7.070461081801655,-3.220148683159595,-10.601876255472101,12.177191116302325
113,-5.917413507348622,0.4216932801472632,-0.16452945174320383,-3.8317465807096314,0.07614141596749556,0.232524454690555,-1.3017907596756535,-0.37023408735905067,-0.7142509369446193,-0.37027317024441647
127,-2.7895241423467416,0.04916254757832405,-1.8166091984287602,-2.3668793179957155,-1.6815734943229717,0.2065589890540737,-1.383466033806393,-0.0905414164837516,1.2361967595833996,-0.26047270551717855
67,-0.2943529171141859,-2.003847647589929,1.9271109145869516,1.9554580450805463,1.21632060230963,1.0096957871164853,-6.669687964163473,-3.6209631069946995,-3.04578820285249,5.290765469885296
180,-5.397858099343074,0.26475086475670423,-0.9772328769241289,-3.522483563696752,-0.190012859549018,0.09678051535578328,0.2018393388485499,0.5443925257115544,-0.003969188616533169,-0.9621930562186496
12,-1.9921539123143417,0.5264096324991874,-1.2979484102845622,0.9103276246836669,-1.714673266314423,-1.7149212388970247,1.2148871413035853,2.9640644458028373,-0.7518060486120356,-0.9189514539161577
132,-4.183110475674233,2.728007895336875,-0.9337358671789708,-4.4764722974128865,2.1346850052423214,0.022676455415151855,-1.0562662466823611,-0.04870074637928792,-0.343597252142017,-0.7198888167146484
14,8.725671814025175,-2.674769764988529,3.345284378066848,7.126106757065246,5.477501705156059,-3.580465942728587,7.085944467658791,2.2781538113268147,-3.8820451547768733,0.022184051897171778
172,-3.136171797899996,2.5767053188516242,-1.1051017926753717,-1.45202879922911,-2.1432275583086717,-1.7010394226177226,-1.660278644883831,2.4265096735231815,0.37555858144349863,-0.27501536702836515
140,-1.463005828139377,-0.5227979586747575,0.8325182689939254,0.8859226888389929,0.12728241075147712,-0.24131264671306363,-2.0091268777457314,-1.646667707625693,-0.494863609232878,3.6938342828574666
205,6.683647478623715,-1.638840430196121,0.7014712339612689,11.661365476799807,-3.7061337393965066,-14.197595421347286,-4.977962473207369,13.783615715483599,-4.68789088131709,-7.832300612049396
158,-5.317464468380197,-0.012023083445300366,-0.30147830855886654,-2.3001854259619865,-0.8661969770307647,1.1898057426485689,-0.5871009527429435,0.36891956716967284,1.5175432843113756,-0.48412338597930277
72,-0.39867169545466624,-2.110887304191569,-0.27481344240630284,2.917751086104891,-1.1881753460403959,0.24028688355459285,2.670334120453188,-4.2382130329646195,3.984523516026984,-1.0453298041242187
176,-3.809934765715888,3.8669843618032993,-1.7533466001206934,-3.445202533864103,-0.546284011866035,-0.8291980946297184,-0.6734252419567405,0.05440359259339873,-1.5589160202035561,-0.7809841441480527
20,0.34415945412538507,-3.074861066289794,-0.44980438747230195,6.5210308086343245,-1.1537163861195736,-0.23642982264811577,-4.7215734128662,-0.33774873295996527,-3.7800881040168464,1.3437376849658085
106,-4.9950289212165035,0.0473485748248326,-0.4486894402511414,-3.2355946323947813,0.8224176840568183,1.3249409782081134,-1.5269231441866706,-1.0260680926336898,-0.09370644434888749,-1.441775810286745
70,-0.32802428850987997,-0.876832522349759,-0.2056932589263368,4.4522171369020604,-0.7535179346733519,-2.019212685648003,-2.967535408412416,-3.0595878322055636,-0.9396319913984662,-0.5374801394925466
152,-5.635419862385677,-0.7949625877816777,-0.32016285483917406,-2.456681732383972,-0.15104792674442144,1.2819549332605071,-1.5125679755059072,-1.937396590210937,-0.2695456297879481,-1.1881408473215436
89,0.5403274409151974,3.0798923321616183,-1.3798941303168595,-0.3180071551059366,0.34001575282764696,-1.1547993052316494,-2.82129891754351,-0.4867034504413274,1.987440215663073,2.6236530774980484
234,4.988103410047464,0.805232888206297,3.020979192951517,-1.74408909122858,2.869084011157685,3.688721734798938,1.9724685028071995,-6.534366316119808,2.2095529253542026,-9.243523706087084
134,-2.209844388842072,-0.6801727447905344,0.5878641677727244,3.680015623411717,-1.0258442840808688,0.15765222619332417,-3.8638459951136923,-5.957762866180381,0.9379526217313408,2.0811253911910255
46,-0.6519272503336329,-0.5453110360912901,-0.9666027919333978,-3.3074288620766974,-1.7107414091633368,2.874980086738446,1.6157690171576136,0.3245387882629835,-0.9023194990395282,-2.0311830373960174
223,0.37183890924284463,-0.8019846113550538,-3.732138819934221,2.405984369784736,-2.1322732959975323,-3.5658538325039975,-2.220475848823008,3.558810709750932,4.044376844401703,1.4468007763271087
131,-1.4477731241756036,5.076985555279712,-0.06814754114903623,-2.228603988229624,0.17151432969936925,0.4069708076286034,-1.0892289791985916,-0.6808078026617548,-0.369474590744134,0.655640958204278
66,-0.6314909415091499,-1.9616010328717752,-0.5974069278740761,1.054192651525959,0.21742502155302268,1.1323771974087726,1.976923157611831,-0.09549530567348936,-2.1500994550339256,-1.7278152585964974
93,-5.472344396026754,0.9732734794764734,-1.4659860574367938,-3.7465058543150223,-0.5363054924776779,0.9423678802249734,-0.6511984907868029,0.03213083965427155,0.48772048564344944,0.15154021166304804
8,1.5212805228827573,-0.0884467228486183,-0.3651093220600097,3.302653606704589,-1.477502073369947,-3.3987966595417456,1.4805108375780482,-0.16254406642294703,-0.8733687049062994,2.696401702565698
154,-4.226249264829791,-1.6711679460713118,-0.9433820927513159,1.5058710345314998,-0.5722759831089825,0.5070050357340543,-0.27638558510203615,-4.348821477130174,2.038218223159226,-0.6644800458326914
219,-2.9149026776475195,1.6347978913359185,-2.5129773365376997,-3.0225371240369543,-2.290497149183531,-2.809618594484235,1.775085041636525,5.331066611800515,9.071767491494017,8.584952226043939
267,-1.9478175324995324,-0.7203022232415552,0.11855796591209161,1.9569095627894113,-1.4993656834955897,-1.3797094549229896,-2.6852710990250865,-0.2953577525330296,-1.2971855906401681,-2.238375894380189
231,-4.244881509404715,1.7856734510755652,-1.0923172250045143,-2.398934167020521,-1.2170763717909694,0.11788939934154008,1.377450218927995,1.0741526861684603,1.9744730439685716,0.08537424593501065
56,54.20263079616094,-8.768849306512129,74.3547251861816,-20.091925553581493,-24.81028032295907,-6.885979356980725,-1.556723553364767,-1.3698012790081415,3.9221893071702354,-1.6434057572568
75,-0.1977662014092196,-0.39272545977706447,-1.1203114783494088,-0.14878039125912396,-0.7324166212938985,-0.38638635229783264,-0.16337507423850406,3.6568581696657394,4.151909924859684,6.874337690988158
136,-2.7165453906155794,0.05179642320883515,-1.9468239876308968,-3.4240085940068434,1.0220602489923654,1.0511624075859465,-0.4976424965818513,-0.4403174671893179,0.49015274328129876,0.8920574436339268
109,-5.979037368480276,0.15028199357926036,-0.7784732770504719,-3.554051173898998,-0.27122806784914616,0.44173408553663474,-1.121900015807546,-0.1379228096690422,-0.43339261894850234,-0.5631049429778383
120,-4.989995215791533,1.8970429532935826,-1.2752941767051778,-4.461739094644984,-0.5682313665362332,0.621871547132342,-0.8042879226123759,-0.42838130168520966,-0.21074848488689374,0.44719010591358627
61,-0.9295635635712598,-0.771702934065868,0.5432900443822103,0.14405006252131608,1.3835891849429003,-1.6080786824156916,-3.4944174460818704,-0.9172698843512583,-2.5260929647107586,0.7715756318740263
227,-1.3647599304123768,0.1378403549060973,0.699282351190893,-0.3542614159392221,-2.4660780811986176,0.8164451779764834,3.8343092583362828,0.745253954868364,-0.3788204037737247,2.0625754957561164
226,-0.6078628188235261,-1.1375167047408532,-0.46890272200113986,-0.8790490720947894,-2.83612795671416,-0.11644322992346626,-0.2698594129329368,1.0105229304861505,0.7195319704409273,-1.0793865795564535
